{
  "version": "2.0",
  "resources": [
    {
      "activityDisplayName": "Get Asset",
      "activityId": "GetRobotAsset_1",
      "resource": "asset",
      "id": "assetIT folderFalse",
      "value": {
        "folderPath": {
          "defaultValue": "IT folder",
          "isExpression": false
        }
      },
      "metadata": {
        "BindingsVersion": "2.2"
      }
    },
    {
      "activityDisplayName": "Send SMTP Email",
      "activityId": "SendMail_1",
      "resource": "Connection",
      "key": "b6b15c50-157c-41ff-8c8b-f282a94da52f",
      "id": "Connectionb6b15c50-157c-41ff-8c8b-f282a94da52fb6b15c50-157c-41ff-8c8b-f282a94da52fFalse",
      "value": {
        "ConnectionId": {
          "defaultValue": "b6b15c50-157c-41ff-8c8b-f282a94da52f",
          "isExpression": false,
          "displayName": "Connection",
          "description": "The connection to be used"
        }
      },
      "metadata": {
        "BindingsVersion": "2.1",
        "UseConnectionService": "True",
        "Connector": "uipath-mail-mail"
      }
    }
  ]
}