{
  "$schema": "https://cloud.uipath.com/draft/2024-12/operate",
  "contentType": "Process",
  "projectId": "e823ce9d-6ed1-42cf-b63a-4d83f926d36e",
  "main": "Main.xaml",
  "dependencies": {
    "UiPath.DocumentUnderstanding.Activities": "[2.17.2]",
    "UiPath.Excel.Activities": "[3.3.1]",
    "UiPath.Mail.Activities": "[2.5.10]",
    "UiPath.System.Activities.Runtime": "[25.10.4]"
  },
  "targetFramework": "Windows",
  "runtimeOptions": {
    "isAttended": false,
    "requiresUserInteraction": true,
    "robotVersion": "26.0.182"
  },
  "designOptions": {
    "projectProfile": "Development",
    "fileInfoCollection": []
  }
}