{
  "assemblyStates": {
    "CustomGptDocumentTyp.QlohO2LYprL1j38u61CKnjP2": {
      "namespace": "UiPath.IntelligentOCR.StudioWeb.Activities.SWEntities.CustomGptDocumentType328702C6E1844D45B9Ef96C5848E31A2.Bundle",
      "providerName": "CustomEntities",
      "key": {
        "name": "UiPath.IntelligentOCR.StudioWeb.Activities.SWEntities.CustomGptDocumentType328702C6E1844D45B9Ef96C5848E31A2",
        "hash": "NjMyMzMwODg4",
        "assemblyName": "CustomGptDocumentTyp.QlohO2LYprL1j38u61CKnjP2"
      }
    },
    "CustomGptDocumentTyp.XcqW41Yo6HS1GT23l3gR4tm3": {
      "namespace": "UiPath.IntelligentOCR.StudioWeb.Activities.SWEntities.CustomGptDocumentType97B3Bc431D754BbaB0Cd1E63Cf0A48F0.Bundle",
      "providerName": "CustomEntities",
      "key": {
        "name": "UiPath.IntelligentOCR.StudioWeb.Activities.SWEntities.CustomGptDocumentType97B3Bc431D754BbaB0Cd1E63Cf0A48F0",
        "hash": "ODQyMjQxNzE2",
        "assemblyName": "CustomGptDocumentTyp.XcqW41Yo6HS1GT23l3gR4tm3"
      }
    },
    "CustomGptDocumentTyp.13Mof3RBqHR19L4Fq3wQRGV": {
      "namespace": "UiPath.IntelligentOCR.StudioWeb.Activities.SWEntities.CustomGptDocumentType4Fe11F6E80Ce462084C6A3438Bdedffb.Bundle",
      "providerName": "CustomEntities",
      "key": {
        "name": "UiPath.IntelligentOCR.StudioWeb.Activities.SWEntities.CustomGptDocumentType4Fe11F6E80Ce462084C6A3438Bdedffb",
        "hash": "ODQyMjQxNzE2",
        "assemblyName": "CustomGptDocumentTyp.13Mof3RBqHR19L4Fq3wQRGV"
      }
    },
    "CustomGptDocumentTyp.SbGw62FoHnD17wwHb125a5E1": {
      "namespace": "UiPath.IntelligentOCR.StudioWeb.Activities.SWEntities.CustomGptDocumentType82173C46405244Be9403186B5C124Cc1.Bundle",
      "providerName": "CustomEntities",
      "key": {
        "name": "UiPath.IntelligentOCR.StudioWeb.Activities.SWEntities.CustomGptDocumentType82173C46405244Be9403186B5C124Cc1",
        "hash": "ODQyMjQxNzE2",
        "assemblyName": "CustomGptDocumentTyp.SbGw62FoHnD17wwHb125a5E1"
      }
    },
    "CustomGptDocumentTyp.KoZckk7HRO1PN5FD4DeKTC4": {
      "namespace": "UiPath.IntelligentOCR.StudioWeb.Activities.SWEntities.CustomGptDocumentType4636Feee66C344A0B9BbE26E645681A8.Bundle",
      "providerName": "CustomEntities",
      "key": {
        "name": "UiPath.IntelligentOCR.StudioWeb.Activities.SWEntities.CustomGptDocumentType4636Feee66C344A0B9BbE26E645681A8",
        "hash": "LTUyODE3OTQ4Mg",
        "assemblyName": "CustomGptDocumentTyp.KoZckk7HRO1PN5FD4DeKTC4"
      }
    }
  }
}