{
  "exportedBy": null,
  "bundleHash": null,
  "version": "1.0.0.0",
  "jitAssemblyCompilerCommands": [
    {
      "providerName": "CustomEntities",
      "bundleOptions": {
        "hash": "632330888",
        "bundleName": "CustomGptDocumentType328702C6E1844D45B9Ef96C5848E31A2",
        "entitiesBundle": {
          "Types": {
            "CustomGptDocumentType328702C6E1844D45B9Ef96C5848E31A2": {
              "name": "CustomGptDocumentType328702C6E1844D45B9Ef96C5848E31A2",
              "properties": [
                {
                  "name": "StudentName",
                  "type": {
                    "ClrType": "UiPath.IntelligentOCR.StudioWeb.Activities.DataExtraction.ExtractedField`1[[System.String, System.Private.CoreLib]], UiPath.IntelligentOCR.StudioWeb.Activities"
                  }
                }
              ],
              "values": [],
              "baseType": {
                "ClrType": "UiPath.IntelligentOCR.StudioWeb.Activities.DataExtraction.ExtendedExtractionResultsForDocumentData, UiPath.IntelligentOCR.StudioWeb.Activities"
              },
              "generateChangeNotifications": true
            }
          },
          "Metadata": {},
          "version": 1
        }
      },
      "entityAssemblyKey": {
        "name": "UiPath.IntelligentOCR.StudioWeb.Activities.SWEntities.CustomGptDocumentType328702C6E1844D45B9Ef96C5848E31A2",
        "hash": "NjMyMzMwODg4",
        "assemblyName": "CustomGptDocumentTyp.QlohO2LYprL1j38u61CKnjP2"
      }
    },
    {
      "providerName": "CustomEntities",
      "bundleOptions": {
        "hash": "842241716",
        "bundleName": "CustomGptDocumentType82173C46405244Be9403186B5C124Cc1",
        "entitiesBundle": {
          "Types": {
            "CustomGptDocumentType82173C46405244Be9403186B5C124Cc1": {
              "name": "CustomGptDocumentType82173C46405244Be9403186B5C124Cc1",
              "properties": [
                {
                  "name": "UniversityName",
                  "type": {
                    "ClrType": "UiPath.IntelligentOCR.StudioWeb.Activities.DataExtraction.ExtractedField`1[[System.String, System.Private.CoreLib]], UiPath.IntelligentOCR.StudioWeb.Activities"
                  }
                },
                {
                  "name": "StudentName",
                  "type": {
                    "ClrType": "UiPath.IntelligentOCR.StudioWeb.Activities.DataExtraction.ExtractedField`1[[System.String, System.Private.CoreLib]], UiPath.IntelligentOCR.StudioWeb.Activities"
                  }
                },
                {
                  "name": "CGPA",
                  "type": {
                    "ClrType": "UiPath.IntelligentOCR.StudioWeb.Activities.DataExtraction.ExtractedField`1[[System.String, System.Private.CoreLib]], UiPath.IntelligentOCR.StudioWeb.Activities"
                  }
                },
                {
                  "name": "CourseDetails",
                  "type": {
                    "ClrType": "UiPath.IntelligentOCR.StudioWeb.Activities.DataExtraction.ExtractedField`1[[System.String, System.Private.CoreLib]], UiPath.IntelligentOCR.StudioWeb.Activities"
                  }
                },
                {
                  "name": "CreditScore",
                  "type": {
                    "ClrType": "UiPath.IntelligentOCR.StudioWeb.Activities.DataExtraction.ExtractedField`1[[System.String, System.Private.CoreLib]], UiPath.IntelligentOCR.StudioWeb.Activities"
                  }
                }
              ],
              "values": [],
              "baseType": {
                "ClrType": "UiPath.IntelligentOCR.StudioWeb.Activities.DataExtraction.ExtendedExtractionResultsForDocumentData, UiPath.IntelligentOCR.StudioWeb.Activities"
              },
              "generateChangeNotifications": true
            }
          },
          "Metadata": {},
          "version": 1
        }
      },
      "entityAssemblyKey": {
        "name": "UiPath.IntelligentOCR.StudioWeb.Activities.SWEntities.CustomGptDocumentType82173C46405244Be9403186B5C124Cc1",
        "hash": "ODQyMjQxNzE2",
        "assemblyName": "CustomGptDocumentTyp.SbGw62FoHnD17wwHb125a5E1"
      }
    },
    {
      "providerName": "CustomEntities",
      "bundleOptions": {
        "hash": "842241716",
        "bundleName": "CustomGptDocumentType97B3Bc431D754BbaB0Cd1E63Cf0A48F0",
        "entitiesBundle": {
          "Types": {
            "CustomGptDocumentType97B3Bc431D754BbaB0Cd1E63Cf0A48F0": {
              "name": "CustomGptDocumentType97B3Bc431D754BbaB0Cd1E63Cf0A48F0",
              "properties": [
                {
                  "name": "UniversityName",
                  "type": {
                    "ClrType": "UiPath.IntelligentOCR.StudioWeb.Activities.DataExtraction.ExtractedField`1[[System.String, System.Private.CoreLib]], UiPath.IntelligentOCR.StudioWeb.Activities"
                  }
                },
                {
                  "name": "StudentName",
                  "type": {
                    "ClrType": "UiPath.IntelligentOCR.StudioWeb.Activities.DataExtraction.ExtractedField`1[[System.String, System.Private.CoreLib]], UiPath.IntelligentOCR.StudioWeb.Activities"
                  }
                },
                {
                  "name": "CGPA",
                  "type": {
                    "ClrType": "UiPath.IntelligentOCR.StudioWeb.Activities.DataExtraction.ExtractedField`1[[System.String, System.Private.CoreLib]], UiPath.IntelligentOCR.StudioWeb.Activities"
                  }
                },
                {
                  "name": "CourseDetails",
                  "type": {
                    "ClrType": "UiPath.IntelligentOCR.StudioWeb.Activities.DataExtraction.ExtractedField`1[[System.String, System.Private.CoreLib]], UiPath.IntelligentOCR.StudioWeb.Activities"
                  }
                },
                {
                  "name": "CreditScore",
                  "type": {
                    "ClrType": "UiPath.IntelligentOCR.StudioWeb.Activities.DataExtraction.ExtractedField`1[[System.String, System.Private.CoreLib]], UiPath.IntelligentOCR.StudioWeb.Activities"
                  }
                }
              ],
              "values": [],
              "baseType": {
                "ClrType": "UiPath.IntelligentOCR.StudioWeb.Activities.DataExtraction.ExtendedExtractionResultsForDocumentData, UiPath.IntelligentOCR.StudioWeb.Activities"
              },
              "generateChangeNotifications": true
            }
          },
          "Metadata": {},
          "version": 1
        }
      },
      "entityAssemblyKey": {
        "name": "UiPath.IntelligentOCR.StudioWeb.Activities.SWEntities.CustomGptDocumentType97B3Bc431D754BbaB0Cd1E63Cf0A48F0",
        "hash": "ODQyMjQxNzE2",
        "assemblyName": "CustomGptDocumentTyp.XcqW41Yo6HS1GT23l3gR4tm3"
      }
    },
    {
      "providerName": "CustomEntities",
      "bundleOptions": {
        "hash": "842241716",
        "bundleName": "CustomGptDocumentType4Fe11F6E80Ce462084C6A3438Bdedffb",
        "entitiesBundle": {
          "Types": {
            "CustomGptDocumentType4Fe11F6E80Ce462084C6A3438Bdedffb": {
              "name": "CustomGptDocumentType4Fe11F6E80Ce462084C6A3438Bdedffb",
              "properties": [
                {
                  "name": "UniversityName",
                  "type": {
                    "ClrType": "UiPath.IntelligentOCR.StudioWeb.Activities.DataExtraction.ExtractedField`1[[System.String, System.Private.CoreLib]], UiPath.IntelligentOCR.StudioWeb.Activities"
                  }
                },
                {
                  "name": "StudentName",
                  "type": {
                    "ClrType": "UiPath.IntelligentOCR.StudioWeb.Activities.DataExtraction.ExtractedField`1[[System.String, System.Private.CoreLib]], UiPath.IntelligentOCR.StudioWeb.Activities"
                  }
                },
                {
                  "name": "CGPA",
                  "type": {
                    "ClrType": "UiPath.IntelligentOCR.StudioWeb.Activities.DataExtraction.ExtractedField`1[[System.String, System.Private.CoreLib]], UiPath.IntelligentOCR.StudioWeb.Activities"
                  }
                },
                {
                  "name": "CourseDetails",
                  "type": {
                    "ClrType": "UiPath.IntelligentOCR.StudioWeb.Activities.DataExtraction.ExtractedField`1[[System.String, System.Private.CoreLib]], UiPath.IntelligentOCR.StudioWeb.Activities"
                  }
                },
                {
                  "name": "CreditScore",
                  "type": {
                    "ClrType": "UiPath.IntelligentOCR.StudioWeb.Activities.DataExtraction.ExtractedField`1[[System.String, System.Private.CoreLib]], UiPath.IntelligentOCR.StudioWeb.Activities"
                  }
                }
              ],
              "values": [],
              "baseType": {
                "ClrType": "UiPath.IntelligentOCR.StudioWeb.Activities.DataExtraction.ExtendedExtractionResultsForDocumentData, UiPath.IntelligentOCR.StudioWeb.Activities"
              },
              "generateChangeNotifications": true
            }
          },
          "Metadata": {},
          "version": 1
        }
      },
      "entityAssemblyKey": {
        "name": "UiPath.IntelligentOCR.StudioWeb.Activities.SWEntities.CustomGptDocumentType4Fe11F6E80Ce462084C6A3438Bdedffb",
        "hash": "ODQyMjQxNzE2",
        "assemblyName": "CustomGptDocumentTyp.13Mof3RBqHR19L4Fq3wQRGV"
      }
    },
    {
      "providerName": "CustomEntities",
      "bundleOptions": {
        "hash": "-528179482",
        "bundleName": "CustomGptDocumentType4636Feee66C344A0B9BbE26E645681A8",
        "entitiesBundle": {
          "Types": {
            "CustomGptDocumentType4636Feee66C344A0B9BbE26E645681A8": {
              "name": "CustomGptDocumentType4636Feee66C344A0B9BbE26E645681A8",
              "properties": [
                {
                  "name": "UniversityName",
                  "type": {
                    "ClrType": "UiPath.IntelligentOCR.StudioWeb.Activities.DataExtraction.ExtractedField`1[[System.String, System.Private.CoreLib]], UiPath.IntelligentOCR.StudioWeb.Activities"
                  }
                },
                {
                  "name": "StudentName",
                  "type": {
                    "ClrType": "UiPath.IntelligentOCR.StudioWeb.Activities.DataExtraction.ExtractedField`1[[System.String, System.Private.CoreLib]], UiPath.IntelligentOCR.StudioWeb.Activities"
                  }
                },
                {
                  "name": "CGPA",
                  "type": {
                    "ClrType": "UiPath.IntelligentOCR.StudioWeb.Activities.DataExtraction.ExtractedField`1[[System.String, System.Private.CoreLib]], UiPath.IntelligentOCR.StudioWeb.Activities"
                  }
                },
                {
                  "name": "TableItem",
                  "type": {
                    "ClrType": "UiPath.IntelligentOCR.StudioWeb.Activities.DataExtraction.ExtractedField`1[[System.String, System.Private.CoreLib]], UiPath.IntelligentOCR.StudioWeb.Activities"
                  }
                },
                {
                  "name": "CreditScore",
                  "type": {
                    "ClrType": "UiPath.IntelligentOCR.StudioWeb.Activities.DataExtraction.ExtractedField`1[[System.String, System.Private.CoreLib]], UiPath.IntelligentOCR.StudioWeb.Activities"
                  }
                }
              ],
              "values": [],
              "baseType": {
                "ClrType": "UiPath.IntelligentOCR.StudioWeb.Activities.DataExtraction.ExtendedExtractionResultsForDocumentData, UiPath.IntelligentOCR.StudioWeb.Activities"
              },
              "generateChangeNotifications": true
            }
          },
          "Metadata": {},
          "version": 1
        }
      },
      "entityAssemblyKey": {
        "name": "UiPath.IntelligentOCR.StudioWeb.Activities.SWEntities.CustomGptDocumentType4636Feee66C344A0B9BbE26E645681A8",
        "hash": "LTUyODE3OTQ4Mg",
        "assemblyName": "CustomGptDocumentTyp.KoZckk7HRO1PN5FD4DeKTC4"
      }
    }
  ]
}